krumplifej@citromail.hu; A rendelését két napon belül szállítjuk. A rendelés értéke: 116400 Ft
kisspal@citromail.hu; A rendelését két napon belül szállítjuk. A rendelés értéke: 247300 Ft
szputnyik@fidesz.gov; A rendelését két napon belül szállítjuk. A rendelés értéke: 2900 Ft
kovacs7@merchant.org; A rendelését két napon belül szállítjuk. A rendelés értéke: 7400 Ft
eva2001@fidesz.gov; A rendelését két napon belül szállítjuk. A rendelés értéke: 127600 Ft
nagyatilla@fidesz.gov; A rendelését két napon belül szállítjuk. A rendelés értéke: 200600 Ft
zoltantoth@fidesz.gov; A rendelését két napon belül szállítjuk. A rendelés értéke: 41500 Ft
kisspal@gmail.com; A rendelése függő állapotba került. Hamarosan értesítjük a szállítás időpontjáról.
nagyatilla@freemail.hu; A rendelését két napon belül szállítjuk. A rendelés értéke: 52200 Ft
krumplifej@merchant.org; A rendelését két napon belül szállítjuk. A rendelés értéke: 68500 Ft
kovacs7@merchant.org; A rendelését két napon belül szállítjuk. A rendelés értéke: 107100 Ft
zoltantoth@fidesz.gov; A rendelését két napon belül szállítjuk. A rendelés értéke: 8200 Ft
kisspal@merchant.org; A rendelését két napon belül szállítjuk. A rendelés értéke: 3100 Ft
kovacs7@freemail.hu; A rendelését két napon belül szállítjuk. A rendelés értéke: 3000 Ft
fagylaltos@gmail.com; A rendelését két napon belül szállítjuk. A rendelés értéke: 85900 Ft
eva2001@merchant.org; A rendelését két napon belül szállítjuk. A rendelés értéke: 71000 Ft
kovacs7@golden.com; A rendelése függő állapotba került. Hamarosan értesítjük a szállítás időpontjáról.
kisspal@freemail.hu; A rendelését két napon belül szállítjuk. A rendelés értéke: 2500 Ft
kisspal@merchant.org; A rendelése függő állapotba került. Hamarosan értesítjük a szállítás időpontjáról.
krumplifej@gmail.com; A rendelését két napon belül szállítjuk. A rendelés értéke: 62700 Ft
eva2001@merchant.org; A rendelését két napon belül szállítjuk. A rendelés értéke: 35000 Ft
szputnyik@golden.com; A rendelése függő állapotba került. Hamarosan értesítjük a szállítás időpontjáról.
szputnyik@fidesz.gov; A rendelését két napon belül szállítjuk. A rendelés értéke: 119600 Ft
zoltantoth@citromail.hu; A rendelését két napon belül szállítjuk. A rendelés értéke: 113200 Ft
kisspal@golden.com; A rendelését két napon belül szállítjuk. A rendelés értéke: 94000 Ft
kisspal@freemail.hu; A rendelését két napon belül szállítjuk. A rendelés értéke: 13000 Ft
nagyatilla@fidesz.gov; A rendelése függő állapotba került. Hamarosan értesítjük a szállítás időpontjáról.
eva2001@freemail.hu; A rendelése függő állapotba került. Hamarosan értesítjük a szállítás időpontjáról.
eva2001@citromail.hu; A rendelését két napon belül szállítjuk. A rendelés értéke: 67100 Ft
majoros@fidesz.gov; A rendelését két napon belül szállítjuk. A rendelés értéke: 12300 Ft
majoros@freemail.hu; A rendelése függő állapotba került. Hamarosan értesítjük a szállítás időpontjáról.
krumplifej@merchant.org; A rendelése függő állapotba került. Hamarosan értesítjük a szállítás időpontjáról.
eva2001@merchant.org; A rendelését két napon belül szállítjuk. A rendelés értéke: 600 Ft
kisspal@freemail.hu; A rendelése függő állapotba került. Hamarosan értesítjük a szállítás időpontjáról.
fagylaltos@fidesz.gov; A rendelése függő állapotba került. Hamarosan értesítjük a szállítás időpontjáról.
kovacs7@freemail.hu; A rendelése függő állapotba került. Hamarosan értesítjük a szállítás időpontjáról.
nagyatilla@merchant.org; A rendelése függő állapotba került. Hamarosan értesítjük a szállítás időpontjáról.
nagyatilla@freemail.hu; A rendelése függő állapotba került. Hamarosan értesítjük a szállítás időpontjáról.
fagylaltos@gmail.com; A rendelése függő állapotba került. Hamarosan értesítjük a szállítás időpontjáról.
eva2001@golden.com; A rendelése függő állapotba került. Hamarosan értesítjük a szállítás időpontjáról.
majoros@fidesz.gov; A rendelését két napon belül szállítjuk. A rendelés értéke: 2200 Ft
majoros@freemail.hu; A rendelését két napon belül szállítjuk. A rendelés értéke: 19000 Ft
eva2001@fidesz.gov; A rendelését két napon belül szállítjuk. A rendelés értéke: 3700 Ft
majoros@golden.com; A rendelését két napon belül szállítjuk. A rendelés értéke: 17000 Ft
szputnyik@citromail.hu; A rendelését két napon belül szállítjuk. A rendelés értéke: 63100 Ft
nagyatilla@freemail.hu; A rendelését két napon belül szállítjuk. A rendelés értéke: 31800 Ft
krumplifej@merchant.org; A rendelését két napon belül szállítjuk. A rendelés értéke: 163000 Ft
kovacs7@freemail.hu; A rendelését két napon belül szállítjuk. A rendelés értéke: 93400 Ft
kisspal@citromail.hu; A rendelését két napon belül szállítjuk. A rendelés értéke: 64200 Ft
szputnyik@gmail.com; A rendelését két napon belül szállítjuk. A rendelés értéke: 16400 Ft
kovacs7@golden.com; A rendelését két napon belül szállítjuk. A rendelés értéke: 1800 Ft
fagylaltos@freemail.hu; A rendelése függő állapotba került. Hamarosan értesítjük a szállítás időpontjáról.
erikaszep@merchant.org; A rendelése függő állapotba került. Hamarosan értesítjük a szállítás időpontjáról.
majoros@citromail.hu; A rendelését két napon belül szállítjuk. A rendelés értéke: 99300 Ft
eva2001@fidesz.gov; A rendelése függő állapotba került. Hamarosan értesítjük a szállítás időpontjáról.
zoltantoth@citromail.hu; A rendelése függő állapotba került. Hamarosan értesítjük a szállítás időpontjáról.
krumplifej@gmail.com; A rendelése függő állapotba került. Hamarosan értesítjük a szállítás időpontjáról.
eva2001@freemail.hu; A rendelése függő állapotba került. Hamarosan értesítjük a szállítás időpontjáról.
kisspal@gmail.com; A rendelése függő állapotba került. Hamarosan értesítjük a szállítás időpontjáról.
eva2001@merchant.org; A rendelését két napon belül szállítjuk. A rendelés értéke: 76500 Ft
nagyatilla@gmail.com; A rendelését két napon belül szállítjuk. A rendelés értéke: 600 Ft
krumplifej@merchant.org; A rendelése függő állapotba került. Hamarosan értesítjük a szállítás időpontjáról.
nagyatilla@merchant.org; A rendelése függő állapotba került. Hamarosan értesítjük a szállítás időpontjáról.
kisspal@merchant.org; A rendelése függő állapotba került. Hamarosan értesítjük a szállítás időpontjáról.
fagylaltos@gmail.com; A rendelését két napon belül szállítjuk. A rendelés értéke: 76400 Ft
nagyatilla@fidesz.gov; A rendelése függő állapotba került. Hamarosan értesítjük a szállítás időpontjáról.
eva2001@citromail.hu; A rendelését két napon belül szállítjuk. A rendelés értéke: 130000 Ft
nagyatilla@fidesz.gov; A rendelése függő állapotba került. Hamarosan értesítjük a szállítás időpontjáról.
kisspal@citromail.hu; A rendelése függő állapotba került. Hamarosan értesítjük a szállítás időpontjáról.
zoltantoth@freemail.hu; A rendelését két napon belül szállítjuk. A rendelés értéke: 41100 Ft
krumplifej@fidesz.gov; A rendelését két napon belül szállítjuk. A rendelés értéke: 4200 Ft
krumplifej@gmail.com; A rendelése függő állapotba került. Hamarosan értesítjük a szállítás időpontjáról.
fagylaltos@fidesz.gov; A rendelése függő állapotba került. Hamarosan értesítjük a szállítás időpontjáról.
erikaszep@citromail.hu; A rendelése függő állapotba került. Hamarosan értesítjük a szállítás időpontjáról.
szputnyik@gmail.com; A rendelése függő állapotba került. Hamarosan értesítjük a szállítás időpontjáról.
zoltantoth@merchant.org; A rendelése függő állapotba került. Hamarosan értesítjük a szállítás időpontjáról.
fagylaltos@citromail.hu; A rendelését két napon belül szállítjuk. A rendelés értéke: 33600 Ft
nagyatilla@golden.com; A rendelése függő állapotba került. Hamarosan értesítjük a szállítás időpontjáról.
fagylaltos@golden.com; A rendelése függő állapotba került. Hamarosan értesítjük a szállítás időpontjáról.
majoros@fidesz.gov; A rendelése függő állapotba került. Hamarosan értesítjük a szállítás időpontjáról.
zoltantoth@golden.com; A rendelése függő állapotba került. Hamarosan értesítjük a szállítás időpontjáról.
eva2001@golden.com; A rendelése függő állapotba került. Hamarosan értesítjük a szállítás időpontjáról.
zoltantoth@golden.com; A rendelése függő állapotba került. Hamarosan értesítjük a szállítás időpontjáról.
erikaszep@freemail.hu; A rendelése függő állapotba került. Hamarosan értesítjük a szállítás időpontjáról.
eva2001@fidesz.gov; A rendelését két napon belül szállítjuk. A rendelés értéke: 27100 Ft
erikaszep@gmail.com; A rendelése függő állapotba került. Hamarosan értesítjük a szállítás időpontjáról.
eva2001@citromail.hu; A rendelése függő állapotba került. Hamarosan értesítjük a szállítás időpontjáról.
kisspal@merchant.org; A rendelése függő állapotba került. Hamarosan értesítjük a szállítás időpontjáról.
erikaszep@freemail.hu; A rendelése függő állapotba került. Hamarosan értesítjük a szállítás időpontjáról.
kisspal@gmail.com; A rendelése függő állapotba került. Hamarosan értesítjük a szállítás időpontjáról.
szputnyik@citromail.hu; A rendelése függő állapotba került. Hamarosan értesítjük a szállítás időpontjáról.
majoros@freemail.hu; A rendelése függő állapotba került. Hamarosan értesítjük a szállítás időpontjáról.
szputnyik@merchant.org; A rendelése függő állapotba került. Hamarosan értesítjük a szállítás időpontjáról.
kisspal@citromail.hu; A rendelése függő állapotba került. Hamarosan értesítjük a szállítás időpontjáról.
majoros@citromail.hu; A rendelése függő állapotba került. Hamarosan értesítjük a szállítás időpontjáról.
majoros@merchant.org; A rendelése függő állapotba került. Hamarosan értesítjük a szállítás időpontjáról.
kisspal@gmail.com; A rendelése függő állapotba került. Hamarosan értesítjük a szállítás időpontjáról.
nagyatilla@merchant.org; A rendelése függő állapotba került. Hamarosan értesítjük a szállítás időpontjáról.
erikaszep@golden.com; A rendelése függő állapotba került. Hamarosan értesítjük a szállítás időpontjáról.
szputnyik@golden.com; A rendelése függő állapotba került. Hamarosan értesítjük a szállítás időpontjáról.
nagyatilla@golden.com; A rendelését két napon belül szállítjuk. A rendelés értéke: 70000 Ft
kovacs7@fidesz.gov; A rendelését két napon belül szállítjuk. A rendelés értéke: 12400 Ft
fagylaltos@gmail.com; A rendelése függő állapotba került. Hamarosan értesítjük a szállítás időpontjáról.
kisspal@fidesz.gov; A rendelése függő állapotba került. Hamarosan értesítjük a szállítás időpontjáról.
kisspal@merchant.org; A rendelését két napon belül szállítjuk. A rendelés értéke: 213000 Ft
szputnyik@gmail.com; A rendelése függő állapotba került. Hamarosan értesítjük a szállítás időpontjáról.
kisspal@fidesz.gov; A rendelése függő állapotba került. Hamarosan értesítjük a szállítás időpontjáról.
majoros@citromail.hu; A rendelése függő állapotba került. Hamarosan értesítjük a szállítás időpontjáról.
kisspal@citromail.hu; A rendelése függő állapotba került. Hamarosan értesítjük a szállítás időpontjáról.
fagylaltos@freemail.hu; A rendelését két napon belül szállítjuk. A rendelés értéke: 51900 Ft
krumplifej@freemail.hu; A rendelése függő állapotba került. Hamarosan értesítjük a szállítás időpontjáról.
zoltantoth@freemail.hu; A rendelését két napon belül szállítjuk. A rendelés értéke: 800 Ft
krumplifej@freemail.hu; A rendelését két napon belül szállítjuk. A rendelés értéke: 600 Ft
nagyatilla@fidesz.gov; A rendelését két napon belül szállítjuk. A rendelés értéke: 600 Ft
erikaszep@golden.com; A rendelése függő állapotba került. Hamarosan értesítjük a szállítás időpontjáról.
kisspal@gmail.com; A rendelését két napon belül szállítjuk. A rendelés értéke: 99500 Ft
kisspal@fidesz.gov; A rendelése függő állapotba került. Hamarosan értesítjük a szállítás időpontjáról.
erikaszep@merchant.org; A rendelését két napon belül szállítjuk. A rendelés értéke: 61400 Ft
zoltantoth@freemail.hu; A rendelése függő állapotba került. Hamarosan értesítjük a szállítás időpontjáról.
nagyatilla@freemail.hu; A rendelése függő állapotba került. Hamarosan értesítjük a szállítás időpontjáról.
